value/start,value/end,value/text,value/labels/0,id,from_name,to_name,type,origin
529,852,An untrusted search path vulnerability exists in the Palo Alto Networks Cortex XDR agent that enables a local attacker with file creation privilege in the Windows root directory (such as C:\\) to store a program that can then be unintentionally executed by another local user when that user utilizes a Live Terminal session,Description,cTMQPJsMpC,label,text,labels,manual
53,74,"""data_version"": ""4.0""",Version,flctCwLU1e,label,text,labels,manual
874,894,Cortex XDR agent 5.0,Version,0EqeA5_QDj,label,text,labels,manual
942,962,Cortex XDR agent 6.1,Version,gKhkpwPZWG,label,text,labels,manual
1009,1029,Cortex XDR agent 7.2,Version,k7q2WqUqYt,label,text,labels,manual
1076,1096,Cortex XDR agent 7.3,Version,OKvutZC1Xq,label,text,labels,manual
1168,1193,"""CVE_data_version"": ""4.0""",Version,Yu9ww-3dyp,label,text,labels,manual
1383,1413,"""versionStartIncluding"": ""7.3""",Version,k9DRI_zlKd,label,text,labels,manual
1415,1445,"""versionEndExcluding"": ""7.3.2""",Version,zMNtNnozY-,label,text,labels,manual
1560,1590,"""versionStartIncluding"": ""7.2""",Version,HtkGRWB-Tb,label,text,labels,manual
1592,1622,"""versionEndExcluding"": ""7.2.4""",Version,3uZ3henMBo,label,text,labels,manual
1737,1767,"""versionStartIncluding"": ""6.1""",Version,5bMpUp5cJH,label,text,labels,manual
1769,1799,"""versionEndExcluding"": ""6.1.9""",Version,df7IMYBWE2,label,text,labels,manual
1914,1944,"""versionStartIncluding"": ""5.0""",Version,FwBc13fmhK,label,text,labels,manual
1946,1977,"""versionEndExcluding"": ""5.0.12""",Version,uX7hQPn7-H,label,text,labels,manual
2207,2223,"""version"": ""3.1""",Version,mN22q2PTgq,label,text,labels,manual
2633,2649,"""version"": ""2.0""",Version,0p8IjTUmF-,label,text,labels,manual
874,1141,Cortex XDR agent 5.0 versions earlier than Cortex XDR agent 5.0.12; Cortex XDR agent 6.1 versions earlier than Cortex XDR agent 6.1.9; Cortex XDR agent 7.2 versions earlier than Cortex XDR agent 7.2.4; Cortex XDR agent 7.3 versions earlier than Cortex XDR agent 7.3.2,Impact,4GIvFeKIA9,label,text,labels,manual
2423,2454,"""confidentialityImpact"": ""HIGH""",Impact,na4LXrho4s,label,text,labels,manual
2456,2481,"""integrityImpact"": ""HIGH""",Impact,AuQktGsb7C,label,text,labels,manual
2483,2511,"""availabilityImpact"": ""HIGH""",Impact,AacwRusnnC,label,text,labels,manual
2778,2813,"""confidentialityImpact"": ""COMPLETE""",Impact,aIh-BH4HAT,label,text,labels,manual
2815,2844,"""integrityImpact"": ""COMPLETE""",Impact,pVRX6m4r91,label,text,labels,manual
2846,2878,"""availabilityImpact"": ""COMPLETE""",Impact,UvJv1RoeNY,label,text,labels,manual
529,567,An untrusted search path vulnerability,Reason,9W388aFR-_,label,text,labels,manual
633,647,local attacker,Attacker,G_bQ5RwDbP,label,text,labels,manual
2225,2287,"""vectorString"": ""CVSS:3.1/AV:L/AC:L/PR:L/UI:R/S:U/C:H/I:H/A:H""",Vector,tlzFAgtmMo,label,text,labels,manual
2289,2312,"""attackVector"": ""LOCAL""",Vector,gaF2h-fgKI,label,text,labels,manual
2697,2720,"""accessVector"": ""LOCAL""",Vector,2HHewvrAX4,label,text,labels,manual
2651,2695,"""vectorString"": ""AV:L/AC:M/Au:N/C:C/I:C/A:C""",Vector,Y7slpwjqvY,label,text,labels,manual
2513,2529,"""baseScore"": 7.3",Result,bGQ96vdqwX,label,text,labels,manual
2556,2582,"""exploitabilityScore"": 1.3",Result,3JtDrZIolG,label,text,labels,manual
2584,2602,"""impactScore"": 5.9",Result,hgO_12KI6-,label,text,labels,manual
2880,2896,"""baseScore"": 6.9",Result,zPrPiEsAFS,label,text,labels,manual
2921,2947,"""exploitabilityScore"": 3.4",Result,4CoLwuC0K3,label,text,labels,manual
2949,2966,"""impactScore"": 10",Result,Q4y6KvVqkz,label,text,labels,manual
